market,symbol,current_price,price_date,source,updated_at
TW,2327.TW,1080.0,2026-06-18,yfinance_target_daily,2026-06-21T23:56:49
TW,2454.TW,4390.0,2026-06-18,yfinance_target_daily,2026-06-21T18:09:11
TW,4958.TW,642.0,2026-06-18,yfinance_target_daily,2026-06-21T18:09:12
US,ARM,439.4599914550781,2026-06-18,yfinance_target_daily,2026-06-21T23:56:51
US,MRVL,310.5799865722656,2026-06-18,yfinance_target_daily,2026-06-21T23:56:53
US,SNDK,2184.75,2026-06-18,yfinance_target_daily,2026-06-21T23:56:55
US,WDC,746.22998046875,2026-06-18,yfinance_target_daily,2026-06-21T23:56:57
TW,2303.TW,145.5,2026-06-18,yfinance_target_daily,2026-06-21T22:46:27
TW,2492.TW,561.0,2026-06-18,yfinance_target_daily,2026-06-21T22:53:57
