date,symbol,open,high,low,close,adj_close,volume
2024-09-23,^TWII,22170.939453125,22307.4609375,22170.939453125,22285.529296875,22285.529296875,3582300
2024-09-24,^TWII,22273.7890625,22431.779296875,22154.55078125,22431.779296875,22431.779296875,3517800
2024-09-25,^TWII,22569.2890625,22785.3203125,22569.2890625,22761.599609375,22761.599609375,4014100
2024-09-26,^TWII,22841.419921875,22961.76953125,22769.240234375,22858.810546875,22858.810546875,3923400
2024-09-27,^TWII,22978.970703125,23079.2109375,22806.830078125,22822.7890625,22822.7890625,4104100
2024-09-30,^TWII,22643.91015625,22691.23046875,22224.5390625,22224.5390625,22224.5390625,3569300
2024-10-01,^TWII,22329.650390625,22446.859375,22311.330078125,22390.390625,22390.390625,2789600
2024-10-04,^TWII,22459.099609375,22493.05078125,22193.5,22302.7109375,22302.7109375,3632200
2024-10-07,^TWII,22479.240234375,22719.0703125,22479.240234375,22702.560546875,22702.560546875,3508600
2024-10-08,^TWII,22691.3203125,22691.3203125,22418.380859375,22611.390625,22611.390625,3557200
2024-10-09,^TWII,22637.169921875,22885.94921875,22637.169921875,22659.080078125,22659.080078125,3670800
2024-10-11,^TWII,22726.189453125,23011.109375,22726.189453125,22901.640625,22901.640625,3012500
2024-10-14,^TWII,22947.3203125,23015.55078125,22799.140625,22975.2890625,22975.2890625,2706500
2024-10-15,^TWII,23083.69921875,23353.91015625,23082.060546875,23292.0390625,23292.0390625,3579700
2024-10-16,^TWII,22990.640625,23258.51953125,22866.73046875,23010.98046875,23010.98046875,3698000
2024-10-17,^TWII,23114.2109375,23191.7890625,22950.69921875,23053.83984375,23053.83984375,3263300
2024-10-18,^TWII,23620.5703125,23713.69921875,23378.359375,23487.26953125,23487.26953125,3775600
2024-10-21,^TWII,23602.98046875,23678.509765625,23480.060546875,23542.529296875,23542.529296875,3005000
2024-10-22,^TWII,23428.109375,23535.4296875,23269.859375,23535.4296875,23535.4296875,3046700
2024-10-23,^TWII,23402.240234375,23486.44921875,23318.83984375,23334.759765625,23334.759765625,3039000
2024-10-24,^TWII,23446.640625,23446.640625,23150.76953125,23192.51953125,23192.51953125,3322300
2024-10-25,^TWII,23255.0703125,23388.529296875,23222.76953125,23348.44921875,23348.44921875,2744200
2024-10-28,^TWII,23455.689453125,23547.119140625,23164.419921875,23198.0703125,23198.0703125,2880000
2024-10-29,^TWII,23048.44921875,23056.5703125,22711.099609375,22926.58984375,22926.58984375,2933400
2024-10-30,^TWII,22985.130859375,23116.330078125,22801.44921875,22820.4296875,22820.4296875,2981400
2024-11-01,^TWII,22438.9296875,22828.98046875,22231.939453125,22780.080078125,22780.080078125,3569900
2024-11-04,^TWII,22839.1796875,23020.990234375,22792.76953125,22965.390625,22965.390625,2715900
2024-11-05,^TWII,22870.109375,23178.80078125,22849.830078125,23106.7890625,23106.7890625,2872200
2024-11-06,^TWII,23112.94921875,23439.390625,23035.30078125,23217.380859375,23217.380859375,3163400
2024-11-07,^TWII,23180.009765625,23518.630859375,23132.939453125,23408.8203125,23408.8203125,3751300
2024-11-08,^TWII,23608.109375,23699.69921875,23509.130859375,23553.890625,23553.890625,3635500
2024-11-11,^TWII,23477.75,23563.80078125,23306.66015625,23529.640625,23529.640625,3158800
2024-11-12,^TWII,23276.759765625,23276.759765625,22981.76953125,22981.76953125,22981.76953125,3983600
2024-11-13,^TWII,22894.91015625,23046.470703125,22860.23046875,22860.23046875,22860.23046875,3491500
2024-11-14,^TWII,22821.0390625,22893.8203125,22619.7109375,22715.380859375,22715.380859375,3593400
2024-11-15,^TWII,22767.109375,22940.80078125,22690.76953125,22742.76953125,22742.76953125,3823100
2024-11-18,^TWII,22693.9609375,22781.76953125,22503.689453125,22546.5390625,22546.5390625,3431100
2024-11-19,^TWII,22614.740234375,22906.689453125,22578.75,22848.80078125,22848.80078125,3689400
2024-11-20,^TWII,22872.91015625,22977.560546875,22622.470703125,22688.359375,22688.359375,3757700
2024-11-21,^TWII,22671.66015625,22708.5703125,22490.279296875,22555.66015625,22555.66015625,3395800
2024-11-22,^TWII,22799.529296875,23019.0390625,22799.529296875,22904.3203125,22904.3203125,3505100
2024-11-25,^TWII,22996.05078125,23172.4296875,22948.369140625,22948.369140625,22948.369140625,5048900
2024-11-26,^TWII,22789.599609375,22832.109375,22645.130859375,22678.759765625,22678.759765625,2985600
2024-11-27,^TWII,22665.580078125,22743.990234375,22334.779296875,22334.779296875,22334.779296875,3577000
2024-11-28,^TWII,22380.44921875,22413.25,22124.310546875,22298.900390625,22298.900390625,3123400
2024-11-29,^TWII,22202.279296875,22429.859375,22055.380859375,22262.5,22262.5,2801000
2024-12-02,^TWII,22456.5,22802.529296875,22456.5,22736.9296875,22736.9296875,2812700
2024-12-03,^TWII,22972.30078125,23144.779296875,22972.30078125,23027.4609375,23027.4609375,3099500
2024-12-04,^TWII,23126.080078125,23255.330078125,23034.69921875,23255.330078125,23255.330078125,2836900
2024-12-05,^TWII,23308.2890625,23387.169921875,23225.310546875,23267.939453125,23267.939453125,2847600
2024-12-06,^TWII,23278.6796875,23361.119140625,23137.619140625,23193.26953125,23193.26953125,2954100
2024-12-09,^TWII,23287.7890625,23325.990234375,23172.220703125,23273.25,23273.25,3209600
2024-12-10,^TWII,23228.259765625,23329.009765625,23071.4296875,23125.080078125,23125.080078125,2908900
2024-12-11,^TWII,23108.359375,23108.359375,22880.5703125,22903.630859375,22903.630859375,2760300
2024-12-12,^TWII,23050.640625,23189.2890625,23030.48046875,23046.80078125,23046.80078125,3059200
2024-12-13,^TWII,23002.369140625,23097.51953125,22920.83984375,23020.48046875,23020.48046875,3046000
2024-12-16,^TWII,23207.2109375,23264.400390625,22959.91015625,23039.900390625,23039.900390625,3188400
2024-12-17,^TWII,23131.5703125,23223.509765625,23018.009765625,23018.009765625,23018.009765625,3429100
2024-12-18,^TWII,23014.4296875,23211.169921875,22934.58984375,23168.669921875,23168.669921875,3298300
2024-12-19,^TWII,22947.560546875,22947.560546875,22743.30078125,22932.25,22932.25,3445900
2024-12-20,^TWII,22798.390625,22845.58984375,22510.25,22510.25,22510.25,4683900
2024-12-23,^TWII,22811.560546875,23132.25,22811.560546875,23104.5390625,23104.5390625,3504100
2024-12-24,^TWII,23260.740234375,23326.25,23120.240234375,23120.240234375,23120.240234375,3344300
2024-12-25,^TWII,23226.349609375,23296.359375,23159.359375,23220.130859375,23220.130859375,3073700
2024-12-26,^TWII,23276.080078125,23320.619140625,23241.939453125,23246.939453125,23246.939453125,2941300
2024-12-27,^TWII,23251.279296875,23335.66015625,23204.349609375,23275.6796875,23275.6796875,2416800
2024-12-30,^TWII,23274.259765625,23331.669921875,23159.69921875,23190.19921875,23190.19921875,2483600
2024-12-31,^TWII,23094.0703125,23123.9609375,22972.990234375,23035.099609375,23035.099609375,2572400
2025-01-02,^TWII,22975.7109375,23038.080078125,22713.630859375,22832.060546875,22832.060546875,3148600
2025-01-03,^TWII,23018.560546875,23092.0703125,22905.400390625,22908.30078125,22908.30078125,2828200
2025-01-06,^TWII,23131.7890625,23553.2890625,23131.7890625,23547.7109375,23547.7109375,2957500
2025-01-07,^TWII,23824.720703125,23943.94921875,23651.26953125,23651.26953125,23651.26953125,3207900
2025-01-08,^TWII,23522.2890625,23671.279296875,23388.630859375,23407.330078125,23407.330078125,2606700
2025-01-09,^TWII,23406.720703125,23463.9609375,23081.130859375,23081.130859375,23081.130859375,3399500
2025-01-10,^TWII,23067.4609375,23202.25,22989.669921875,23011.859375,23011.859375,2979400
2025-01-13,^TWII,23070.3203125,23070.3203125,22458.220703125,22488.330078125,22488.330078125,3544500
2025-01-14,^TWII,22573.9609375,22797.51953125,22542.9296875,22797.51953125,22797.51953125,2319000
2025-01-15,^TWII,22757.4609375,22777.33984375,22509.650390625,22514.5703125,22514.5703125,2359800
2025-01-16,^TWII,22817.51953125,23147.689453125,22817.51953125,23025.099609375,23025.099609375,2497000
2025-01-17,^TWII,23190.119140625,23209.880859375,22905.529296875,23148.080078125,23148.080078125,2465000
2025-01-20,^TWII,23203.470703125,23346.640625,23176.4296875,23266.8203125,23266.8203125,2168200
2025-01-21,^TWII,23266.8203125,23377.640625,23174.01953125,23300.009765625,23300.009765625,0
2025-01-22,^TWII,23472.669921875,23642.080078125,23472.669921875,23525.41015625,23525.41015625,2695000
2025-02-03,^TWII,22796.7109375,22796.7109375,22502.19921875,22694.7109375,22694.7109375,3428900
2025-02-04,^TWII,22836.26953125,22934.310546875,22720.619140625,22793.9609375,22793.9609375,2990000
2025-02-05,^TWII,22916.380859375,23249.330078125,22916.380859375,23161.580078125,23161.580078125,2482200
2025-02-06,^TWII,23226.5,23348.419921875,23216.650390625,23316.599609375,23316.599609375,2400700
2025-02-07,^TWII,23289.970703125,23478.26953125,23254.169921875,23478.26953125,23478.26953125,2672200
2025-02-10,^TWII,23421.76953125,23448.16015625,23163.849609375,23252.140625,23252.140625,2706000
2025-02-11,^TWII,23321.919921875,23485.509765625,23289.759765625,23384.05078125,23384.05078125,2956500
2025-02-12,^TWII,23449.310546875,23528.609375,23289.75,23289.75,23289.75,3159400
2025-02-13,^TWII,23263.279296875,23413.099609375,23206.44921875,23399.41015625,23399.41015625,3604700
2025-02-14,^TWII,23198.390625,23276.240234375,23142.94921875,23152.609375,23152.609375,3818900
2025-02-17,^TWII,23258.169921875,23510.6796875,23242.83984375,23505.330078125,23505.330078125,3408200
2025-02-18,^TWII,23550.5,23666.109375,23454.08984375,23666.109375,23666.109375,3038600
2025-02-19,^TWII,23589.439453125,23683.4609375,23550.990234375,23604.080078125,23604.080078125,3534600
2025-02-20,^TWII,23530.970703125,23576.7109375,23400.75,23487.4609375,23487.4609375,3563200
2025-02-21,^TWII,23526.130859375,23732.580078125,23488.419921875,23730.25,23730.25,3518400
2025-02-24,^TWII,23573.80078125,23605.220703125,23461.4296875,23565.310546875,23565.310546875,3211200
2025-02-25,^TWII,23376.419921875,23376.419921875,23209.529296875,23285.720703125,23285.720703125,3717900
2025-02-26,^TWII,23221.83984375,23431.240234375,23156.01953125,23402.55078125,23402.55078125,3362900
2025-02-27,^TWII,23446.4609375,23487.73046875,23053.1796875,23053.1796875,23053.1796875,5093000
2025-03-03,^TWII,22734.05078125,22775.01953125,22611.099609375,22756.25,22756.25,3324900
2025-03-04,^TWII,22508.80078125,22700.939453125,22359.5,22596.880859375,22596.880859375,3100900
2025-03-05,^TWII,22778.859375,22948.30078125,22757.220703125,22871.900390625,22871.900390625,3075000
2025-03-06,^TWII,22930.109375,22979.970703125,22715.4296875,22715.4296875,22715.4296875,2851500
2025-03-07,^TWII,22696.23046875,22747.109375,22542.080078125,22576.0703125,22576.0703125,2987500
2025-03-10,^TWII,22548.98046875,22641.25,22407.5703125,22459.150390625,22459.150390625,3078100
2025-03-11,^TWII,22126.060546875,22140.390625,21769.5703125,22071.08984375,22071.08984375,3604700
2025-03-12,^TWII,22171.099609375,22391.470703125,22153.609375,22278.359375,22278.359375,3159800
2025-03-13,^TWII,22403.33984375,22552.4296875,21961.6796875,21961.6796875,21961.6796875,3666300
2025-03-14,^TWII,21986.810546875,22074.029296875,21895.900390625,21968.05078125,21968.05078125,3373300
2025-03-17,^TWII,22137.529296875,22306.830078125,22110.080078125,22118.630859375,22118.630859375,2961500
2025-03-18,^TWII,22204.619140625,22327.099609375,22186.419921875,22271.669921875,22271.669921875,2652000
2025-03-19,^TWII,22245.419921875,22247.66015625,21942.689453125,21960.830078125,21960.830078125,2916300
2025-03-20,^TWII,22171.0,22377.259765625,22171.0,22377.259765625,22377.259765625,2626000
2025-03-21,^TWII,22362.380859375,22366.94921875,22200.23046875,22209.099609375,22209.099609375,3597700
2025-03-24,^TWII,22348.380859375,22380.73046875,22106.640625,22106.640625,22106.640625,2651400
2025-03-25,^TWII,22269.369140625,22414.01953125,22228.6796875,22273.189453125,22273.189453125,2553000
2025-03-26,^TWII,22327.609375,22398.119140625,22235.890625,22260.2890625,22260.2890625,2295800
2025-03-27,^TWII,22093.19921875,22093.19921875,21919.400390625,21951.759765625,21951.759765625,2674800
2025-03-28,^TWII,21836.16015625,21836.16015625,21525.05078125,21602.890625,21602.890625,3242700
2025-03-31,^TWII,21254.630859375,21254.630859375,20695.900390625,20695.900390625,20695.900390625,4034100
2025-04-01,^TWII,20884.529296875,21315.51953125,20884.529296875,21280.169921875,21280.169921875,2753300
2025-04-02,^TWII,21313.76953125,21390.51953125,21235.990234375,21298.220703125,21298.220703125,2300200
2025-04-07,^TWII,20153.5703125,20153.5703125,19212.01953125,19232.349609375,19232.349609375,1558900
2025-04-08,^TWII,19064.470703125,19064.470703125,18180.48046875,18459.94921875,18459.94921875,5839900
2025-04-09,^TWII,18337.439453125,18371.51953125,17306.970703125,17391.759765625,17391.759765625,6177900
2025-04-10,^TWII,18256.470703125,19024.470703125,18256.470703125,19000.029296875,19000.029296875,2659600
2025-04-11,^TWII,18772.5,19528.76953125,18418.19921875,19528.76953125,19528.76953125,4766500
2025-04-14,^TWII,19686.6796875,20023.630859375,19508.9296875,19513.08984375,19513.08984375,4176300
2025-04-15,^TWII,19609.900390625,19895.4296875,19576.150390625,19857.669921875,19857.669921875,2866400
2025-04-16,^TWII,19737.08984375,19737.08984375,19453.140625,19468.0,19468.0,2805300
2025-04-17,^TWII,19389.51953125,19478.0,19196.470703125,19338.73046875,19338.73046875,2300500
2025-04-18,^TWII,19423.98046875,19499.279296875,19376.349609375,19395.029296875,19395.029296875,2123700
2025-04-21,^TWII,19321.140625,19359.9609375,19080.599609375,19106.19921875,19106.19921875,2325500
2025-04-22,^TWII,18990.859375,19059.650390625,18793.4296875,18793.4296875,18793.4296875,2526000
2025-04-23,^TWII,19163.609375,19639.140625,19163.609375,19639.140625,19639.140625,2694600
2025-04-24,^TWII,19752.58984375,19752.58984375,19433.369140625,19478.810546875,19478.810546875,2418200
2025-04-25,^TWII,19861.240234375,20012.26953125,19861.240234375,19872.73046875,19872.73046875,2674500
2025-04-28,^TWII,19972.0703125,20073.75,19972.0703125,20034.41015625,20034.41015625,2131000
2025-04-29,^TWII,20018.3203125,20232.630859375,20007.30078125,20232.630859375,20232.630859375,2538500
2025-04-30,^TWII,20215.390625,20331.890625,20185.310546875,20235.029296875,20235.029296875,2806300
2025-05-02,^TWII,20534.080078125,20787.640625,20534.080078125,20787.640625,20787.640625,2779300
2025-05-05,^TWII,20839.0390625,20885.5390625,20320.80078125,20532.990234375,20532.990234375,3929000
2025-05-06,^TWII,20353.880859375,20623.849609375,20349.560546875,20522.58984375,20522.58984375,3091500
2025-05-07,^TWII,20575.150390625,20685.279296875,20418.029296875,20546.490234375,20546.490234375,2681400
2025-05-08,^TWII,20559.650390625,20747.279296875,20543.400390625,20543.400390625,20543.400390625,2348100
2025-05-09,^TWII,20690.80078125,20915.0390625,20643.560546875,20915.0390625,20915.0390625,2744700
2025-05-12,^TWII,20996.94921875,21176.130859375,20996.94921875,21129.5390625,21129.5390625,2687300
2025-05-13,^TWII,21474.01953125,21626.279296875,21330.140625,21330.140625,21330.140625,3601900
2025-05-14,^TWII,21552.419921875,21782.869140625,21552.419921875,21782.869140625,21782.869140625,3656500
2025-05-15,^TWII,21776.650390625,21821.009765625,21674.3203125,21730.25,21730.25,3543000
2025-05-16,^TWII,21731.880859375,21854.5,21697.849609375,21843.689453125,21843.689453125,3714600
2025-05-19,^TWII,21786.330078125,21786.330078125,21496.689453125,21523.830078125,21523.830078125,3401200
2025-05-20,^TWII,21631.609375,21746.560546875,21517.099609375,21526.029296875,21526.029296875,2908900
2025-05-21,^TWII,21603.580078125,21879.240234375,21603.580078125,21803.91015625,21803.91015625,3078500
2025-05-22,^TWII,21733.8203125,21733.8203125,21585.310546875,21670.9609375,21670.9609375,3137400
2025-05-23,^TWII,21766.240234375,21798.880859375,21559.779296875,21652.240234375,21652.240234375,3065000
2025-05-26,^TWII,21577.640625,21688.44921875,21536.5703125,21536.5703125,21536.5703125,3105400
2025-05-27,^TWII,21491.650390625,21558.470703125,21310.0,21336.5390625,21336.5390625,3512400
2025-05-28,^TWII,21539.150390625,21634.369140625,21305.73046875,21357.720703125,21357.720703125,3647300
2025-05-29,^TWII,21531.2890625,21605.259765625,21347.30078125,21347.30078125,21347.30078125,5081700
2025-06-02,^TWII,21253.970703125,21256.099609375,20940.98046875,21002.7109375,21002.7109375,3805400
2025-06-03,^TWII,21126.69921875,21303.2109375,21110.630859375,21126.9296875,21126.9296875,3739600
2025-06-04,^TWII,21341.439453125,21618.08984375,21341.439453125,21618.08984375,21618.08984375,4061200
2025-06-05,^TWII,21695.9296875,21738.9296875,21626.740234375,21674.4296875,21674.4296875,3521900
2025-06-06,^TWII,21637.76953125,21702.4609375,21606.69921875,21660.66015625,21660.66015625,2964300
2025-06-09,^TWII,21773.44921875,21866.26953125,21717.51953125,21790.2890625,21790.2890625,3035200
2025-06-10,^TWII,21921.240234375,22294.859375,21921.240234375,22242.140625,22242.140625,3534000
2025-06-11,^TWII,22376.369140625,22470.099609375,22294.599609375,22470.099609375,22470.099609375,3669800
2025-06-12,^TWII,22362.669921875,22390.169921875,22253.640625,22287.8203125,22287.8203125,3060300
2025-06-13,^TWII,22215.5,22228.009765625,21984.359375,22072.94921875,22072.94921875,3285000
2025-06-16,^TWII,22058.5703125,22094.599609375,21936.380859375,22049.900390625,22049.900390625,2521300
2025-06-17,^TWII,22172.58984375,22331.689453125,22118.4609375,22211.58984375,22211.58984375,3044000
2025-06-18,^TWII,22135.830078125,22370.25,22104.6796875,22356.73046875,22356.73046875,3214600
2025-06-19,^TWII,22238.099609375,22249.400390625,21973.0390625,22003.5,22003.5,3057900
2025-06-20,^TWII,21960.509765625,22089.48046875,21779.55078125,22045.740234375,22045.740234375,4418300
2025-06-23,^TWII,21750.69921875,21801.3203125,21551.580078125,21732.01953125,21732.01953125,3015300
2025-06-24,^TWII,22001.48046875,22201.05078125,22001.48046875,22188.759765625,22188.759765625,3767600
2025-06-25,^TWII,22341.869140625,22444.509765625,22284.51953125,22430.609375,22430.609375,3405900
2025-06-26,^TWII,22425.390625,22587.669921875,22391.26953125,22492.33984375,22492.33984375,3685100
2025-06-27,^TWII,22503.849609375,22580.080078125,22388.58984375,22580.080078125,22580.080078125,3454100
2025-06-30,^TWII,22508.330078125,22558.94921875,22256.01953125,22256.01953125,22256.01953125,3443500
2025-07-01,^TWII,22419.740234375,22730.759765625,22401.580078125,22553.720703125,22553.720703125,3676400
2025-07-02,^TWII,22463.55078125,22577.740234375,22396.259765625,22577.740234375,22577.740234375,2897200
2025-07-03,^TWII,22707.41015625,22816.19921875,22700.859375,22712.970703125,22712.970703125,3368000
2025-07-04,^TWII,22756.55078125,22842.75,22500.970703125,22547.5,22547.5,3270200
2025-07-07,^TWII,22550.140625,22550.5,22294.109375,22428.720703125,22428.720703125,2570300
2025-07-08,^TWII,22375.650390625,22375.650390625,22190.4609375,22362.26953125,22362.26953125,2661400
2025-07-09,^TWII,22253.169921875,22527.009765625,22211.099609375,22527.009765625,22527.009765625,2907300
2025-07-10,^TWII,22566.509765625,22699.2890625,22513.349609375,22693.25,22693.25,2829400
2025-07-11,^TWII,22602.810546875,22770.009765625,22601.94921875,22751.029296875,22751.029296875,4446700
2025-07-14,^TWII,22679.1796875,22735.23046875,22525.66015625,22614.970703125,22614.970703125,2557300
2025-07-15,^TWII,22618.4296875,22888.23046875,22588.259765625,22835.939453125,22835.939453125,2696000
2025-07-16,^TWII,22967.509765625,23106.4296875,22923.119140625,23042.900390625,23042.900390625,3171200
2025-07-17,^TWII,23042.970703125,23159.5390625,22923.369140625,23113.279296875,23113.279296875,3078000
2025-07-18,^TWII,23345.720703125,23468.2109375,23276.01953125,23383.130859375,23383.130859375,2995200
2025-07-21,^TWII,23314.2890625,23403.830078125,23243.7890625,23340.560546875,23340.560546875,2784300
2025-07-22,^TWII,23301.66015625,23486.080078125,22985.900390625,22987.919921875,22987.919921875,3764700
2025-07-23,^TWII,23063.5703125,23318.669921875,23063.5703125,23318.669921875,23318.669921875,3346500
2025-07-24,^TWII,23373.669921875,23455.08984375,23295.310546875,23373.73046875,23373.73046875,3659600
2025-07-25,^TWII,23454.58984375,23485.560546875,23308.44921875,23364.380859375,23364.380859375,2946900
2025-07-28,^TWII,23477.099609375,23564.439453125,23350.73046875,23412.98046875,23412.98046875,3255000
2025-07-29,^TWII,23414.359375,23422.169921875,23094.669921875,23201.51953125,23201.51953125,3565200
2025-07-30,^TWII,23288.720703125,23461.720703125,23264.640625,23461.720703125,23461.720703125,3352200
2025-07-31,^TWII,23523.58984375,23631.109375,23454.439453125,23542.51953125,23542.51953125,3757100
2025-08-01,^TWII,23318.369140625,23484.2109375,23168.26953125,23434.380859375,23434.380859375,3402400
2025-08-04,^TWII,23260.1796875,23378.939453125,23151.650390625,23378.939453125,23378.939453125,3191500
2025-08-05,^TWII,23498.400390625,23671.83984375,23498.400390625,23660.58984375,23660.58984375,3421400
2025-08-06,^TWII,23443.359375,23557.490234375,23433.529296875,23447.359375,23447.359375,3264600
2025-08-07,^TWII,23717.349609375,24050.5390625,23717.349609375,24003.76953125,24003.76953125,3487700
2025-08-08,^TWII,24026.650390625,24131.4609375,23967.990234375,24021.259765625,24021.259765625,3790600
2025-08-11,^TWII,23980.390625,24249.05078125,23887.25,24135.5,24135.5,3851900
2025-08-12,^TWII,24182.83984375,24263.919921875,24065.4296875,24158.359375,24158.359375,4193700
2025-08-13,^TWII,24232.0390625,24406.939453125,24172.189453125,24370.01953125,24370.01953125,4867300
2025-08-14,^TWII,24258.5,24389.509765625,24198.880859375,24238.099609375,24238.099609375,4491700
2025-08-15,^TWII,24266.23046875,24385.560546875,24164.4296875,24334.48046875,24334.48046875,4491700
2025-08-18,^TWII,24272.55078125,24515.650390625,24257.30078125,24482.51953125,24482.51953125,4745200
2025-08-19,^TWII,24493.919921875,24551.419921875,24324.2890625,24353.5,24353.5,4734800
2025-08-20,^TWII,24309.26953125,24309.26953125,23620.240234375,23625.439453125,23625.439453125,4336000
2025-08-21,^TWII,23739.830078125,24011.5,23739.830078125,23962.130859375,23962.130859375,3924400
2025-08-22,^TWII,24033.01953125,24071.650390625,23764.470703125,23764.470703125,23764.470703125,3633100
2025-08-25,^TWII,24108.810546875,24362.01953125,24108.75,24277.380859375,24277.380859375,3818800
2025-08-26,^TWII,24237.359375,24382.419921875,24113.029296875,24305.099609375,24305.099609375,5104500
2025-08-27,^TWII,24449.810546875,24539.880859375,24410.080078125,24519.900390625,24519.900390625,4022200
2025-08-28,^TWII,24468.119140625,24502.369140625,24236.44921875,24236.44921875,24236.44921875,4093700
2025-08-29,^TWII,24438.029296875,24570.150390625,24233.099609375,24233.099609375,24233.099609375,4230800
2025-09-01,^TWII,24143.369140625,24312.830078125,23885.41015625,24071.73046875,24071.73046875,3978800
2025-09-02,^TWII,24113.900390625,24295.029296875,23890.330078125,24016.779296875,24016.779296875,3621600
2025-09-03,^TWII,24036.880859375,24103.23046875,23925.490234375,24100.30078125,24100.30078125,3208300
2025-09-04,^TWII,24235.26953125,24389.349609375,24168.16015625,24179.849609375,24179.849609375,4098500
2025-09-05,^TWII,24244.259765625,24494.580078125,24244.259765625,24494.580078125,24494.580078125,3935800
2025-09-08,^TWII,24610.849609375,24729.9609375,24547.380859375,24547.380859375,24547.380859375,4221200
2025-09-09,^TWII,24650.4609375,24880.0703125,24650.4609375,24855.1796875,24855.1796875,4235300
2025-09-10,^TWII,25032.880859375,25272.23046875,25032.880859375,25192.58984375,25192.58984375,4503300
2025-09-11,^TWII,25509.30078125,25541.439453125,25174.130859375,25215.7109375,25215.7109375,5159400
2025-09-12,^TWII,25349.69921875,25492.279296875,25349.69921875,25474.640625,25474.640625,4362700
2025-09-15,^TWII,25494.099609375,25519.939453125,25284.169921875,25357.16015625,25357.16015625,3734300
2025-09-16,^TWII,25335.4609375,25664.810546875,25335.4609375,25629.640625,25629.640625,4224500
2025-09-17,^TWII,25543.91015625,25632.0703125,25422.9609375,25438.25,25438.25,4404600
2025-09-18,^TWII,25543.169921875,25769.359375,25475.25,25769.359375,25769.359375,4746200
2025-09-19,^TWII,25794.66015625,25864.009765625,25578.369140625,25578.369140625,25578.369140625,6041400
2025-09-22,^TWII,25599.599609375,25887.689453125,25599.599609375,25880.599609375,25880.599609375,4316700
2025-09-23,^TWII,26121.0,26307.30078125,26041.689453125,26247.369140625,26247.369140625,4775000
2025-09-24,^TWII,26389.16015625,26394.029296875,26045.470703125,26196.73046875,26196.73046875,4309500
2025-09-25,^TWII,26067.970703125,26247.849609375,26023.849609375,26023.849609375,26023.849609375,5318500
2025-09-26,^TWII,25998.279296875,25998.279296875,25469.0390625,25580.3203125,25580.3203125,4370400
2025-09-30,^TWII,25738.310546875,25975.83984375,25738.310546875,25820.5390625,25820.5390625,3601000
2025-10-01,^TWII,26078.2890625,26325.7890625,25982.91015625,25982.91015625,25982.91015625,4127200
2025-10-02,^TWII,26392.310546875,26489.7890625,26330.25,26378.390625,26378.390625,4331900
2025-10-03,^TWII,26435.099609375,26761.060546875,26410.029296875,26761.060546875,26761.060546875,3947400
2025-10-07,^TWII,27029.279296875,27301.419921875,27017.080078125,27211.94921875,27211.94921875,4714200
2025-10-08,^TWII,26999.8203125,27110.4296875,26883.990234375,27063.6796875,27063.6796875,4475000
2025-10-09,^TWII,27301.609375,27463.119140625,27253.0703125,27301.919921875,27301.919921875,5551400
2025-10-13,^TWII,26762.599609375,26965.720703125,26470.439453125,26923.419921875,26923.419921875,4848200
2025-10-14,^TWII,27282.099609375,27507.16015625,26764.060546875,26793.150390625,26793.150390625,6407700
2025-10-15,^TWII,26911.05078125,27275.7109375,26773.150390625,27275.7109375,27275.7109375,4438300
2025-10-16,^TWII,27337.3203125,27732.779296875,27337.3203125,27647.869140625,27647.869140625,4657900
2025-10-17,^TWII,27399.91015625,27513.08984375,27302.369140625,27302.369140625,27302.369140625,4488400
2025-10-20,^TWII,27480.439453125,27768.26953125,27412.44921875,27688.630859375,27688.630859375,4283400
2025-10-21,^TWII,27742.55078125,27969.05078125,27742.55078125,27752.41015625,27752.41015625,4293000
2025-10-22,^TWII,27614.109375,27725.830078125,27490.890625,27648.91015625,27648.91015625,3944200
2025-10-23,^TWII,27457.0703125,27586.849609375,27371.669921875,27532.259765625,27532.259765625,3819800
2025-10-27,^TWII,28029.880859375,28196.330078125,27993.630859375,27993.630859375,27993.630859375,4954700
2025-10-28,^TWII,28041.009765625,28087.9296875,27885.619140625,27949.109375,27949.109375,5011300
2025-10-29,^TWII,28157.91015625,28395.310546875,28139.650390625,28294.740234375,28294.740234375,5040500
2025-10-30,^TWII,28350.240234375,28527.6796875,28116.599609375,28287.529296875,28287.529296875,5137600
2025-10-31,^TWII,28280.470703125,28489.759765625,28233.349609375,28233.349609375,28233.349609375,4459700
2025-11-03,^TWII,28253.529296875,28494.990234375,28150.44921875,28334.58984375,28334.58984375,3968500
2025-11-04,^TWII,28364.759765625,28554.609375,28033.619140625,28116.560546875,28116.560546875,4218000
2025-11-05,^TWII,27785.91015625,27799.08984375,27373.05078125,27717.060546875,27717.060546875,4085800
2025-11-06,^TWII,27906.439453125,28061.529296875,27879.69921875,27899.44921875,27899.44921875,4125700
2025-11-07,^TWII,27818.5390625,27818.5390625,27621.48046875,27651.41015625,27651.41015625,4344700
2025-11-10,^TWII,27805.470703125,27976.890625,27680.509765625,27869.509765625,27869.509765625,4157600
2025-11-11,^TWII,28031.5390625,28187.69921875,27784.94921875,27784.94921875,27784.94921875,5302400
2025-11-12,^TWII,27853.470703125,28071.759765625,27799.919921875,27947.08984375,27947.08984375,5291300
2025-11-13,^TWII,27867.58984375,28038.240234375,27811.810546875,27903.560546875,27903.560546875,6572900
2025-11-14,^TWII,27816.44921875,27816.44921875,27383.33984375,27397.5,27397.5,5171300
2025-11-17,^TWII,27600.740234375,27723.76953125,27447.310546875,27447.310546875,27447.310546875,4781900
2025-11-18,^TWII,27310.400390625,27310.400390625,26756.119140625,26756.119140625,26756.119140625,5433000
2025-11-19,^TWII,26708.279296875,26902.970703125,26580.119140625,26580.119140625,26580.119140625,4448000
2025-11-20,^TWII,27212.91015625,27493.630859375,27183.029296875,27426.359375,27426.359375,4862100
2025-11-21,^TWII,26821.970703125,26821.970703125,26395.98046875,26434.939453125,26434.939453125,4006000
2025-11-24,^TWII,26596.029296875,26764.130859375,26482.330078125,26504.240234375,26504.240234375,6156100
2025-11-25,^TWII,26995.900390625,27118.01953125,26793.7109375,26912.169921875,26912.169921875,3724900
2025-11-26,^TWII,27063.169921875,27409.5390625,27063.169921875,27409.5390625,27409.5390625,4016500
2025-11-27,^TWII,27517.240234375,27659.060546875,27436.58984375,27554.529296875,27554.529296875,3621100
2025-11-28,^TWII,27566.119140625,27796.900390625,27566.119140625,27626.48046875,27626.48046875,3953500
2025-12-01,^TWII,27674.16015625,27697.060546875,27342.529296875,27342.529296875,27342.529296875,3774100
2025-12-02,^TWII,27550.349609375,27741.890625,27477.099609375,27564.26953125,27564.26953125,4210100
2025-12-03,^TWII,27605.630859375,27847.669921875,27605.630859375,27793.0390625,27793.0390625,3769000
2025-12-04,^TWII,27773.419921875,27880.23046875,27636.630859375,27795.7109375,27795.7109375,3599700
2025-12-05,^TWII,27796.4296875,27980.890625,27738.5,27980.890625,27980.890625,3817000
2025-12-08,^TWII,28034.0,28303.779296875,28026.390625,28303.779296875,28303.779296875,4068700
2025-12-09,^TWII,28364.0390625,28390.240234375,28157.26953125,28182.599609375,28182.599609375,4898300
2025-12-10,^TWII,28190.759765625,28417.08984375,28190.759765625,28400.73046875,28400.73046875,4773000
2025-12-11,^TWII,28385.23046875,28568.01953125,27984.189453125,28024.75,28024.75,4248000
2025-12-12,^TWII,28097.5390625,28272.060546875,28071.33984375,28198.01953125,28198.01953125,4802600
2025-12-15,^TWII,28119.7890625,28119.7890625,27684.869140625,27866.939453125,27866.939453125,4157000
2025-12-16,^TWII,27721.099609375,27740.66015625,27355.669921875,27536.66015625,27536.66015625,5140200
2025-12-17,^TWII,27596.1796875,27780.689453125,27469.599609375,27525.169921875,27525.169921875,5499500
2025-12-18,^TWII,27447.44921875,27569.439453125,27350.76953125,27468.529296875,27468.529296875,4799900
2025-12-19,^TWII,27685.740234375,27869.779296875,27672.05078125,27696.349609375,27696.349609375,5627700
2025-12-22,^TWII,27986.66015625,28168.75,27986.66015625,28149.640625,28149.640625,5026500
2025-12-23,^TWII,28253.140625,28350.369140625,28212.83984375,28310.470703125,28310.470703125,4559700
2025-12-24,^TWII,28383.609375,28486.380859375,28280.58984375,28371.98046875,28371.98046875,4612900
2025-12-26,^TWII,28443.48046875,28590.91015625,28404.33984375,28556.01953125,28556.01953125,4511200
2025-12-29,^TWII,28662.7890625,28841.640625,28595.349609375,28810.890625,28810.890625,4440500
2025-12-30,^TWII,28723.8203125,28833.029296875,28553.640625,28707.130859375,28707.130859375,5135300
2025-12-31,^TWII,28723.490234375,29009.810546875,28687.900390625,28963.599609375,28963.599609375,5689400
2026-01-02,^TWII,29016.6796875,29363.4296875,29007.75,29349.810546875,29349.810546875,5945900
2026-01-05,^TWII,29779.69921875,30339.3203125,29779.69921875,30105.0390625,30105.0390625,6274000
2026-01-06,^TWII,29933.650390625,30576.30078125,29933.650390625,30576.30078125,30576.30078125,6867900
2026-01-07,^TWII,30412.3203125,30570.259765625,30306.16015625,30435.470703125,30435.470703125,8350800
2026-01-08,^TWII,30330.580078125,30593.490234375,30268.359375,30360.55078125,30360.55078125,8283300
2026-01-09,^TWII,30370.44921875,30500.419921875,29925.490234375,30288.9609375,30288.9609375,6518900
2026-01-12,^TWII,30472.69921875,30681.990234375,30472.69921875,30567.2890625,30567.2890625,5720700
2026-01-13,^TWII,30630.859375,30973.849609375,30529.330078125,30707.220703125,30707.220703125,6687400
2026-01-14,^TWII,30742.529296875,30994.810546875,30742.529296875,30941.779296875,30941.779296875,6046100
2026-01-15,^TWII,30746.98046875,30877.310546875,30663.869140625,30810.580078125,30810.580078125,6569600
2026-01-16,^TWII,30844.630859375,31475.220703125,30844.630859375,31408.69921875,31408.69921875,7323000
2026-01-19,^TWII,31336.76953125,31827.390625,31285.529296875,31639.2890625,31639.2890625,7864700
2026-01-20,^TWII,31584.33984375,31759.990234375,31340.099609375,31759.990234375,31759.990234375,7884000
2026-01-21,^TWII,31749.140625,31749.140625,31200.759765625,31246.369140625,31246.369140625,8417100
2026-01-22,^TWII,31371.130859375,31890.619140625,31371.130859375,31746.080078125,31746.080078125,7642300
2026-01-23,^TWII,31788.76953125,32042.439453125,31693.150390625,31961.509765625,31961.509765625,7178200
2026-01-26,^TWII,32002.560546875,32196.75,31989.859375,32064.51953125,32064.51953125,6470200
2026-01-27,^TWII,32095.080078125,32428.169921875,32095.080078125,32317.919921875,32317.919921875,7511200
2026-01-28,^TWII,32381.759765625,32803.8203125,32381.759765625,32803.8203125,32803.8203125,7408400
2026-01-29,^TWII,32828.01953125,32996.03125,32472.44921875,32536.26953125,32536.26953125,7939900
2026-01-30,^TWII,32555.51953125,32555.51953125,32004.9609375,32063.75,32063.75,8004400
2026-02-02,^TWII,32008.4609375,32008.4609375,31359.94921875,31624.029296875,31624.029296875,6128700
2026-02-03,^TWII,31737.66015625,32293.830078125,31737.66015625,32195.359375,32195.359375,6083600
2026-02-04,^TWII,32196.5703125,32380.0,31942.279296875,32289.810546875,32289.810546875,5481900
2026-02-05,^TWII,32241.640625,32241.640625,31769.080078125,31801.26953125,31801.26953125,5843100
2026-02-06,^TWII,31746.439453125,31842.619140625,31164.279296875,31782.919921875,31782.919921875,5482300
2026-02-09,^TWII,31956.2109375,32666.05078125,31956.2109375,32404.619140625,32404.619140625,4854000
2026-02-10,^TWII,32439.7109375,33072.96875,32439.7109375,33072.96875,33072.96875,4429000
2026-02-11,^TWII,33086.1484375,33707.828125,33071.671875,33605.7109375,33605.7109375,5334200
2026-02-23,^TWII,33663.01953125,34212.37890625,33663.01953125,33773.26171875,33773.26171875,6847600
2026-02-24,^TWII,34020.7109375,34786.421875,33987.51171875,34700.8203125,34700.8203125,6653800
2026-02-25,^TWII,34753.30859375,35521.5390625,34753.30859375,35413.0703125,35413.0703125,8280600
2026-02-26,^TWII,35457.76171875,35579.33984375,35171.51953125,35414.48828125,35414.48828125,8684700
2026-03-02,^TWII,35277.48046875,35345.71875,34605.359375,35095.08984375,35095.08984375,7852100
2026-03-03,^TWII,35106.21875,35264.58984375,34323.6484375,34323.6484375,34323.6484375,8829900
2026-03-04,^TWII,34228.75,34228.75,32828.87890625,32828.87890625,32828.87890625,7817200
2026-03-05,^TWII,33620.73828125,34319.6796875,33472.91015625,33672.94140625,33672.94140625,5789800
2026-03-06,^TWII,33483.94140625,33829.48828125,33322.51953125,33599.5390625,33599.5390625,5479700
2026-03-09,^TWII,32354.609375,32354.609375,31529.359375,32110.419921875,32110.419921875,6749000
2026-03-10,^TWII,32692.369140625,33256.69140625,32455.19921875,32771.87109375,32771.87109375,6268300
2026-03-11,^TWII,33128.48828125,34218.66015625,33128.48828125,34114.19140625,34114.19140625,5854600
2026-03-12,^TWII,33816.1484375,34019.48046875,33458.640625,33581.859375,33581.859375,7553100
2026-03-13,^TWII,33215.78125,33639.1796875,33013.4609375,33400.3203125,33400.3203125,6795000
2026-03-16,^TWII,33541.25,33765.80859375,33278.05859375,33342.51171875,33342.51171875,6288500
2026-03-17,^TWII,33380.83984375,34008.69921875,33380.83984375,33836.5703125,33836.5703125,6564400
2026-03-18,^TWII,33929.28125,34423.66015625,33929.28125,34348.578125,34348.578125,7008700
2026-03-19,^TWII,34279.12109375,34279.12109375,33663.78125,33689.6796875,33689.6796875,6675700
2026-03-20,^TWII,33719.8515625,33989.1796875,33379.23828125,33543.87890625,33543.87890625,7825000
2026-03-23,^TWII,33334.0,33334.0,32461.08984375,32722.5,32722.5,5505600
2026-03-24,^TWII,33062.890625,33361.4609375,32434.5390625,32612.240234375,32612.240234375,5184200
2026-03-25,^TWII,32725.26953125,33705.75,32725.26953125,33439.109375,33439.109375,4540400
2026-03-26,^TWII,33575.6015625,33892.55859375,33337.62109375,33337.62109375,33337.62109375,5141000
2026-03-27,^TWII,33267.25,33267.25,32669.390625,33112.58984375,33112.58984375,4967400
2026-03-30,^TWII,33009.6796875,33009.6796875,32326.369140625,32518.16015625,32518.16015625,5026000
2026-03-31,^TWII,32419.0,32453.380859375,31705.990234375,31722.990234375,31722.990234375,5862700
2026-04-01,^TWII,31892.330078125,33182.21875,31892.330078125,33174.8203125,33174.8203125,4716000
2026-04-02,^TWII,33218.01953125,33497.578125,32516.939453125,32572.4296875,32572.4296875,5332000
2026-04-07,^TWII,32671.51953125,33264.21875,32671.51953125,33229.8203125,33229.8203125,4475300
2026-04-08,^TWII,33379.5,34761.37890625,33379.5,34761.37890625,34761.37890625,5671700
2026-04-09,^TWII,34779.9609375,34884.44921875,34617.33984375,34861.16015625,34861.16015625,6586300
2026-04-10,^TWII,34950.87109375,35417.828125,34950.87109375,35417.828125,35417.828125,6752000
2026-04-13,^TWII,35422.91015625,35552.48828125,35261.73046875,35457.2890625,35457.2890625,5566000
2026-04-14,^TWII,35584.08984375,36341.44140625,35584.08984375,36296.12109375,36296.12109375,7184600
2026-04-15,^TWII,36369.109375,37064.16015625,36369.109375,36722.140625,36722.140625,7050400
2026-04-16,^TWII,36759.53125,37135.55078125,36751.08984375,37132.01953125,37132.01953125,6694200
2026-04-17,^TWII,37145.66015625,37145.66015625,36776.28125,36804.33984375,36804.33984375,6808300
2026-04-20,^TWII,36850.23828125,37344.5,36850.23828125,36958.80078125,36958.80078125,6458900
2026-04-21,^TWII,37051.25,37781.828125,37051.25,37605.109375,37605.109375,6360500
2026-04-22,^TWII,37627.19921875,38096.87890625,37623.37890625,37878.46875,37878.46875,6248000
2026-04-23,^TWII,37971.69140625,38921.94921875,37164.44140625,37714.1484375,37714.1484375,8516700
2026-04-24,^TWII,37862.6484375,38989.94140625,37862.6484375,38932.3984375,38932.3984375,5653800
2026-04-27,^TWII,39858.19140625,40194.921875,39607.73828125,39616.62890625,39616.62890625,5805300
2026-04-28,^TWII,39531.9296875,40101.23046875,39521.73046875,39521.73046875,39521.73046875,5020400
2026-04-29,^TWII,39176.23828125,39548.1796875,38896.30078125,39303.5,39303.5,5009300
2026-04-30,^TWII,39571.4609375,39848.21875,38926.62890625,38926.62890625,38926.62890625,5678600
2026-05-04,^TWII,39228.390625,40755.51953125,39228.390625,40705.140625,40705.140625,5642100
2026-05-05,^TWII,40708.3984375,40885.05078125,40522.78125,40769.2890625,40769.2890625,6050000
2026-05-06,^TWII,40983.0390625,41575.83984375,40616.28125,41138.8515625,41138.8515625,0
2026-05-07,^TWII,41259.9609375,42156.05859375,41259.9609375,41933.78125,41933.78125,7835100
2026-05-08,^TWII,41886.03125,42038.6015625,41132.25,41603.94140625,41603.94140625,7818600
2026-05-11,^TWII,41714.0,42021.78125,41529.25,41790.05859375,41790.05859375,6722000
2026-05-12,^TWII,41880.66015625,42253.421875,41471.5703125,41898.3203125,41898.3203125,8332000
2026-05-13,^TWII,41795.921875,41795.921875,41014.53125,41374.5,41374.5,8129100
2026-05-14,^TWII,41496.23046875,42205.62109375,41496.23046875,41751.75,41751.75,7982100
2026-05-15,^TWII,41830.421875,42408.66015625,41016.73046875,41172.359375,41172.359375,8185700
2026-05-18,^TWII,41095.8203125,41095.8203125,40170.171875,40891.8203125,40891.8203125,6319000
2026-05-19,^TWII,40883.421875,40951.55859375,40168.51171875,40175.55859375,40175.55859375,6548000
2026-05-20,^TWII,40204.16015625,40439.0390625,39967.078125,40020.8203125,40020.8203125,6049500
2026-05-21,^TWII,40263.1796875,41606.91015625,40263.1796875,41368.2109375,41368.2109375,6705300
2026-05-22,^TWII,41447.921875,42357.6015625,41447.921875,42267.96875,42267.96875,7704200
2026-05-25,^TWII,42667.87109375,43645.78125,42667.87109375,43644.3984375,43644.3984375,8500300
2026-05-26,^TWII,43708.890625,44097.62890625,43349.76953125,43525.37109375,43525.37109375,11150100
2026-05-27,^TWII,43842.26171875,44818.25,43842.26171875,44256.80078125,44256.80078125,10615800
2026-05-28,^TWII,44240.80078125,44954.08984375,43236.359375,43636.44140625,43636.44140625,10946500
2026-05-29,^TWII,43815.48046875,44933.94921875,43815.48046875,44732.94140625,44732.94140625,12618300
2026-06-01,^TWII,44872.8203125,45931.1015625,44872.8203125,45337.91015625,45337.91015625,9887600
2026-06-02,^TWII,45388.9296875,45915.921875,44869.37890625,45557.30859375,45557.30859375,11590000
2026-06-03,^TWII,45660.4609375,46552.16015625,45660.4609375,46459.16015625,46459.16015625,11629900
2026-06-04,^TWII,46364.0703125,46364.0703125,45677.4609375,45677.4609375,45677.4609375,10148400
2026-06-05,^TWII,45619.8203125,45619.8203125,44209.53125,45070.94140625,45070.94140625,8445300
2026-06-08,^TWII,44507.48828125,44507.48828125,42376.859375,43502.78125,43502.78125,6465800
2026-06-09,^TWII,43687.62109375,44821.7109375,43687.62109375,44704.44140625,44704.44140625,7468300
2026-06-10,^TWII,44581.44921875,44676.48828125,43225.5390625,43225.5390625,43225.5390625,7804700
2026-06-11,^TWII,43172.2109375,43463.03125,42006.390625,43149.4609375,43149.4609375,6756200
2026-06-12,^TWII,43587.62890625,44798.87890625,43587.62890625,44169.0390625,44169.0390625,6583000
2026-06-15,^TWII,44447.87109375,45483.62890625,44447.87109375,45396.98828125,45396.98828125,6161900
2026-06-16,^TWII,45500.078125,45809.19140625,45266.33984375,45809.19140625,45809.19140625,6574400
2026-06-17,^TWII,45685.26953125,45877.390625,45159.51171875,45877.390625,45877.390625,6992700
2026-06-18,^TWII,45972.26171875,46565.69921875,45972.26171875,46465.19921875,46465.19921875,9801100
